ID,LINK,authorInfo_PROCESSED,authorArticles_PROCESSED,authorTweets_PROCESSED
1,https://insead.muckrack.com/marcelolprince,N,N,N
2,https://insead.muckrack.com/omar-abdel-baqui,N,N,N
3,https://insead.muckrack.com/almarlatour,N,N,N
4,https://insead.muckrack.com/kailyn-rhone,N,N,N
5,https://insead.muckrack.com/poverberg,N,N,N
6,https://insead.muckrack.com/joe_palazzolo,N,N,N
7,https://insead.muckrack.com/efindell,N,N,N
8,https://insead.muckrack.com/rolfewinkler,N,N,N
9,https://insead.muckrack.com/heather-gillers,N,N,N
10,https://insead.muckrack.com/peter-grant,N,N,N
11,https://insead.muckrack.com/mark-richardson,N,N,N
12,https://insead.muckrack.com/katherine-milsop,N,N,N
13,https://insead.muckrack.com/megan-keller-2,N,N,N
14,https://insead.muckrack.com/elaine-yu,N,N,N
15,https://insead.muckrack.com/sebastian-modak,N,N,N
16,https://insead.muckrack.com/ben-kesling,N,N,N
17,https://insead.muckrack.com/tom-dotan,N,N,N
18,https://insead.muckrack.com/anfuller,N,N,N
19,https://insead.muckrack.com/emilyny,N,N,N
20,https://insead.muckrack.com/frances-yoon,N,N,N
21,https://insead.muckrack.com/ben-ashwell,N,N,N
22,https://insead.muckrack.com/xavier-fontdegloria,N,N,N
23,https://insead.muckrack.com/sebastianherrera,N,N,N
24,https://insead.muckrack.com/xavier-wang,N,N,N
25,https://insead.muckrack.com/mengqi-sun,N,N,N
26,https://insead.muckrack.com/alexandra-larkin,N,N,N
27,https://insead.muckrack.com/gerard-baker,N,N,N
28,https://insead.muckrack.com/kris-maher,N,N,N
29,https://insead.muckrack.com/george-downs,N,N,N
30,https://insead.muckrack.com/jenny-strasburg,N,N,N
31,https://insead.muckrack.com/noemie-bisserbe,N,N,N
32,https://insead.muckrack.com/ellen-byron,N,N,N
33,https://insead.muckrack.com/zinsli,N,N,N
34,https://insead.muckrack.com/jarrard-cole,N,N,N
35,https://insead.muckrack.com/laurence-norman,N,N,N
36,https://insead.muckrack.com/dan-neil,N,N,N
37,https://insead.muckrack.com/timmy-huynh,N,N,N
38,https://insead.muckrack.com/jtlsp,N,N,N
39,https://insead.muckrack.com/ed-ballard,N,N,N
40,https://insead.muckrack.com/emily-gitter,N,N,N
41,https://insead.muckrack.com/sophie-warnes,N,N,N
42,https://insead.muckrack.com/kris-frieswick,N,N,N
43,https://insead.muckrack.com/sadie-gurman,N,N,N
44,https://insead.muckrack.com/louise-radnofsky,N,N,N
45,https://insead.muckrack.com/melissakorn,N,N,N
46,https://insead.muckrack.com/learyreports,N,N,N
47,https://insead.muckrack.com/kenbrown12,N,N,N
48,https://insead.muckrack.com/mike-colias,N,N,N
49,https://insead.muckrack.com/corinne-ramey,N,N,N
50,https://insead.muckrack.com/laura-bird,N,N,N
51,https://insead.muckrack.com/tom-fairless,N,N,N
52,https://insead.muckrack.com/joshua-robinson,N,N,N
53,https://insead.muckrack.com/jason-french,N,N,N
54,https://insead.muckrack.com/cdweaver,N,N,N
55,https://insead.muckrack.com/somab-mergrmkt,N,N,N
56,https://insead.muckrack.com/demetria-gallegos,N,N,N
57,https://insead.muckrack.com/jonathanrockoff,N,N,N
58,https://insead.muckrack.com/charlesforelle,N,N,N
59,https://insead.muckrack.com/jrwhalen,N,N,N
60,https://insead.muckrack.com/jonesashby,N,N,N
61,https://insead.muckrack.com/qtwebb,N,N,N
62,https://insead.muckrack.com/philizzo,N,N,N
63,https://insead.muckrack.com/jacob-bunge,N,N,N
64,https://insead.muckrack.com/annie-gasparro,N,N,N
65,https://insead.muckrack.com/wilson-rothman,N,N,N
66,https://insead.muckrack.com/andrew-tangel,N,N,N
67,https://insead.muckrack.com/kimberly-strassel,N,N,N
68,https://insead.muckrack.com/annieminoff,N,N,N
69,https://insead.muckrack.com/bsgormley,N,N,N
70,https://insead.muckrack.com/david-marcelis,N,N,N
71,https://insead.muckrack.com/adam-z-horvath,N,N,N
72,https://insead.muckrack.com/talal-ansari,N,N,N
73,https://insead.muckrack.com/peter-champelli,N,N,N
74,https://insead.muckrack.com/benjamin-shull,N,N,N
75,https://insead.muckrack.com/ajsaeedy,N,N,N
76,https://insead.muckrack.com/matthew-thomas,N,N,N
77,https://insead.muckrack.com/liz-young,N,N,N
78,https://insead.muckrack.com/james-glynn,N,N,N
79,https://insead.muckrack.com/shaneshifflett,N,N,N
80,https://insead.muckrack.com/jodixuklein,N,N,N
81,https://insead.muckrack.com/ryanfelton13,N,N,N
82,https://insead.muckrack.com/ben-katz,N,N,N
83,https://insead.muckrack.com/nancy-keates,N,N,N
84,https://insead.muckrack.com/david-wainer,N,N,N
85,https://insead.muckrack.com/james-rundle,N,N,N
86,https://insead.muckrack.com/mackenzie-coffman,N,N,N
87,https://insead.muckrack.com/mike-cherney,N,N,N
88,https://insead.muckrack.com/fabiana-negrin-ochoa,N,N,N
89,https://insead.muckrack.com/thomas-grove,N,N,N
90,https://insead.muckrack.com/bill-tipper,N,N,N
91,https://insead.muckrack.com/chris-cumming,N,N,N
92,https://insead.muckrack.com/joncoz,N,N,N
93,https://insead.muckrack.com/river-davis,N,N,N
94,https://insead.muckrack.com/dominic-green,N,N,N
95,https://insead.muckrack.com/j-s-marcus,N,N,N
96,https://insead.muckrack.com/ming-li-2,N,N,N
97,https://insead.muckrack.com/joe-hoppe-2,N,N,N
98,https://insead.muckrack.com/elise-dean,N,N,N
99,https://insead.muckrack.com/julia-carpenter,N,N,N
100,https://insead.muckrack.com/katherine-hamilton-5,N,N,N
101,https://insead.muckrack.com/kirstengrind,N,N,N
102,https://insead.muckrack.com/michael-lewis-18,N,N,N
103,https://insead.muckrack.com/emily-schwartzberg,N,N,N
104,https://insead.muckrack.com/maria-amador,N,N,N
105,https://insead.muckrack.com/nancy-macdonell,N,N,N
106,https://insead.muckrack.com/zachary-cole,N,N,N
107,https://insead.muckrack.com/sarah-medford,N,N,N
108,https://insead.muckrack.com/dhume,N,N,N
109,https://insead.muckrack.com/allison-pasek,N,N,N
110,https://insead.muckrack.com/susan-pulliam,N,N,N
111,https://insead.muckrack.com/todd-johnson,N,N,N
112,https://insead.muckrack.com/pierre-bertrand,N,N,N
113,https://insead.muckrack.com/annmarie-fertoli,N,N,N
114,https://insead.muckrack.com/aaron-zitner,N,N,N
115,https://insead.muckrack.com/patmcgroarty,N,N,N
116,https://insead.muckrack.com/thomas-gryta,N,N,N
117,https://insead.muckrack.com/meghamandaviaet,N,N,N
118,https://insead.muckrack.com/katherine-blunt,N,N,N
119,https://insead.muckrack.com/liz-webber,N,N,N
120,https://insead.muckrack.com/sharonterlep,N,N,N
121,https://insead.muckrack.com/david-kozo,N,N,N
122,https://insead.muckrack.com/tom-nolan,N,N,N
123,https://insead.muckrack.com/leonard-sloane,N,N,N
124,https://insead.muckrack.com/ceostroff,N,N,N
125,https://insead.muckrack.com/james-parks-4,N,N,N
126,https://insead.muckrack.com/gzuckerman,N,N,N
127,https://insead.muckrack.com/dennisnishi,N,N,N
128,https://insead.muckrack.com/keachhagey,N,N,N
129,https://insead.muckrack.com/aaronlucchetti,N,N,N
130,https://insead.muckrack.com/corinneabrams,N,N,N
131,https://insead.muckrack.com/srabil,N,N,N
132,https://insead.muckrack.com/katherinesayre,N,N,N
133,https://insead.muckrack.com/paulwsj,N,N,N
134,https://insead.muckrack.com/greg_ip,N,N,N
135,https://insead.muckrack.com/michaelkamon,N,N,N
136,https://insead.muckrack.com/candaceetaylor,N,N,N
137,https://insead.muckrack.com/annielinskey,N,N,N
138,https://insead.muckrack.com/cararlombardo,N,N,N
139,https://insead.muckrack.com/elenacherney,N,N,N
140,https://insead.muckrack.com/cmatthews9,N,N,N
141,https://insead.muckrack.com/adina-steiman,N,N,N
142,https://insead.muckrack.com/vivian-salama,N,N,N
143,https://insead.muckrack.com/john-jurgensen,N,N,N
144,https://insead.muckrack.com/katherine-clarke,N,N,N
145,https://insead.muckrack.com/jacklyn-monk,N,N,N
146,https://insead.muckrack.com/conor-grant,N,N,N
147,https://insead.muckrack.com/will-parker,N,N,N
148,https://insead.muckrack.com/sha-hua,N,N,N
149,https://insead.muckrack.com/miles-kruppa,N,N,N
150,https://insead.muckrack.com/ben-foldy,N,N,N
151,https://insead.muckrack.com/alexa-corse,N,N,N
152,https://insead.muckrack.com/jamie-leventhal,N,N,N
153,https://insead.muckrack.com/victoria-albert,N,N,N
154,https://insead.muckrack.com/matthew-hennessey,N,N,N
155,https://insead.muckrack.com/mark-maurer,N,N,N
156,https://insead.muckrack.com/kimberlyreports,N,N,N
157,https://insead.muckrack.com/dov-lieber,N,N,N
158,https://insead.muckrack.com/aruna-viswanatha,N,N,N
159,https://insead.muckrack.com/dustin-volz,N,N,N
160,https://insead.muckrack.com/alexandra-wexler,N,N,N
161,https://insead.muckrack.com/aisha-al-muslim,N,N,N
162,https://insead.muckrack.com/nicole-nguyen,N,N,N
163,https://insead.muckrack.com/mark-maremont,N,N,N
164,https://insead.muckrack.com/collin-eaton,N,N,N
165,https://insead.muckrack.com/ian-lovett,N,N,N
166,https://insead.muckrack.com/minzengwsj,N,N,N
167,https://insead.muckrack.com/chris-kornelis,N,N,N
168,https://insead.muckrack.com/bill-power,N,N,N
169,https://insead.muckrack.com/sarah-spellings,N,N,N
170,https://insead.muckrack.com/jan-wolfe,N,N,N
171,https://insead.muckrack.com/lyle-brennan,N,N,N
172,https://insead.muckrack.com/michael-bucher,N,N,N
173,https://insead.muckrack.com/jon-emont,N,N,N
174,https://insead.muckrack.com/brett-forrest,N,N,N
175,https://insead.muckrack.com/chelseydulaney,N,N,N
176,https://insead.muckrack.com/gary-rosen,N,N,N
177,https://insead.muckrack.com/dagmar-aalund,N,N,N
178,https://insead.muckrack.com/drew-fitzgerald,N,N,N
179,https://insead.muckrack.com/ellen-gamerman,N,N,N
180,https://insead.muckrack.com/emese-bartha,N,N,N
181,https://insead.muckrack.com/joe-wallace-3,N,N,N
182,https://insead.muckrack.com/eniiler,N,N,N
183,https://insead.muckrack.com/daisy-korpics,N,N,N
184,https://insead.muckrack.com/megan-douglass,N,N,N
185,https://insead.muckrack.com/bellelin,N,N,N
186,https://insead.muckrack.com/katherine-finnerty,N,N,N
187,https://insead.muckrack.com/weilun-soon,N,N,N
188,https://insead.muckrack.com/jessica-jupiter,N,N,N
189,https://insead.muckrack.com/ying-xian-wong,N,N,N
190,https://insead.muckrack.com/dseetharaman,N,N,N
191,https://insead.muckrack.com/charlotte-gartenberg,N,N,N
192,https://insead.muckrack.com/lindsey-adler,N,N,N
193,https://insead.muckrack.com/liz-harris-13,N,N,N
194,https://insead.muckrack.com/emilyglazer,N,N,N
195,https://insead.muckrack.com/ben-zimmer,N,N,N
196,https://insead.muckrack.com/rachel-liang,N,N,N
197,https://insead.muckrack.com/matthew-rees,N,N,N
198,https://insead.muckrack.com/max-rust,N,N,N
199,https://insead.muckrack.com/alan-paul,N,N,N
200,https://insead.muckrack.com/vittoria-cerciello,N,N,N
201,https://insead.muckrack.com/derek-horstmeyer,N,N,N
202,https://insead.muckrack.com/kris-areche,N,N,N
203,https://insead.muckrack.com/dan-gaba,N,N,N
204,https://insead.muckrack.com/michael-luca,N,N,N
205,https://insead.muckrack.com/zachary-barnes-1,N,N,N
206,https://insead.muckrack.com/angel-au-yeung,N,N,N
207,https://insead.muckrack.com/pierre-bienaime,N,N,N
208,https://insead.muckrack.com/stephanie-armour,N,N,N
209,https://insead.muckrack.com/acampoflores,N,N,N
210,https://insead.muckrack.com/richard-rubin,N,N,N
211,https://insead.muckrack.com/janet-adamy,N,N,N
212,https://insead.muckrack.com/preetika_rana,N,N,N
213,https://insead.muckrack.com/austin-ramzy,N,N,N
214,https://insead.muckrack.com/bob-fernandez,N,N,N
215,https://insead.muckrack.com/jean-eaglesham,N,N,N
216,https://insead.muckrack.com/bradnews,N,N,N
217,https://insead.muckrack.com/tarini-parti,N,N,N
218,https://insead.muckrack.com/stefaniei,N,N,N
219,https://insead.muckrack.com/kate-linebaugh,N,N,N
220,https://insead.muckrack.com/robert-barba,N,N,N
221,https://insead.muckrack.com/cmaiduc,N,N,N
222,https://insead.muckrack.com/everic-white,N,N,N
223,https://insead.muckrack.com/stacy-meichtry,N,N,N
224,https://insead.muckrack.com/james-areddy,N,N,N
225,https://insead.muckrack.com/kejal-vyas,N,N,N
226,https://insead.muckrack.com/rochelle-toplensky,N,N,N
227,https://insead.muckrack.com/tom-herman,N,N,N
228,https://insead.muckrack.com/adam-banicki-1,N,N,N
229,https://insead.muckrack.com/jessica-flint,N,N,N
230,https://insead.muckrack.com/sarah-chacko,N,N,N
231,https://insead.muckrack.com/ailworth,N,N,N
232,https://insead.muckrack.com/miriamgottfried,N,N,N
233,https://insead.muckrack.com/aandriotis,N,N,N
234,https://insead.muckrack.com/scottmcalvert,N,N,N
235,https://insead.muckrack.com/timothywmartin,N,N,N
236,https://insead.muckrack.com/juan-forero,N,N,N
237,https://insead.muckrack.com/robert-greskovic,N,N,N
238,https://insead.muckrack.com/shen-lu,N,N,N
239,https://insead.muckrack.com/wade-lambert,N,N,N
240,https://insead.muckrack.com/jennifer-j-hicks,N,N,N
241,https://insead.muckrack.com/benoit-faucon,N,N,N
242,https://insead.muckrack.com/timjhanrahan,N,N,N
243,https://insead.muckrack.com/vibhuti-agarwal,N,N,N
244,https://insead.muckrack.com/amydmarcus,N,N,N
245,https://insead.muckrack.com/william-westbrook,N,N,N
246,https://insead.muckrack.com/ben-otto,N,N,N
247,https://insead.muckrack.com/person-336281,N,N,N
248,https://insead.muckrack.com/taylor-umlauf,N,N,N
249,https://insead.muckrack.com/alan-cullison,N,N,N
250,https://insead.muckrack.com/samantha-pearson,N,N,N
251,https://insead.muckrack.com/heather-haddon,N,N,N
252,https://insead.muckrack.com/leah-latella,N,N,N
253,https://insead.muckrack.com/coulter-jones,N,N,N
254,https://insead.muckrack.com/dean-seal,N,N,N
255,https://insead.muckrack.com/jared-malsin,N,N,N
256,https://insead.muckrack.com/jennifer-levitz,N,N,N
257,https://insead.muckrack.com/dascruggs,N,N,N
258,https://insead.muckrack.com/margaret-de-streel,N,N,N
259,https://insead.muckrack.com/lizeth-beltran,N,N,N
260,https://insead.muckrack.com/eliza-collins,N,N,N
261,https://insead.muckrack.com/alexander-gladstone,N,N,N
262,https://insead.muckrack.com/marcperton,N,N,N
263,https://insead.muckrack.com/scott-saloway,N,N,N
264,https://insead.muckrack.com/meghan-bobrowsky,N,N,N
265,https://insead.muckrack.com/shannon-najmabadi,N,N,N
266,https://insead.muckrack.com/edward-hyatt,N,N,N
267,https://insead.muckrack.com/callum-borchers,N,N,N
268,https://insead.muckrack.com/originalspin,N,N,N
269,https://insead.muckrack.com/dalehrabi,N,N,N
270,https://insead.muckrack.com/amandawills,N,N,N
271,https://insead.muckrack.com/lizrappaport,N,N,N
272,https://insead.muckrack.com/macdonaldajm,N,N,N
273,https://insead.muckrack.com/danacimilluca,N,N,N
274,https://insead.muckrack.com/juliejargon,N,N,N
275,https://insead.muckrack.com/dionnissenbaum,N,N,N
276,https://insead.muckrack.com/johnkeilman,N,N,N
277,https://insead.muckrack.com/justinbaer,N,N,N
278,https://insead.muckrack.com/leigh-kamping-carder,N,N,N
279,https://insead.muckrack.com/marc-vartabedian,N,N,N
280,https://insead.muckrack.com/ronnie-harui,N,N,N
281,https://insead.muckrack.com/timothy-lemmer-1,N,N,N
282,https://insead.muckrack.com/chitra-vemuri,N,N,N
283,https://insead.muckrack.com/alexljanin,N,N,N
284,https://insead.muckrack.com/elizabethgarone,N,N,N
285,https://insead.muckrack.com/alyssa-lukpat,N,N,N
286,https://insead.muckrack.com/brad-hanford,N,N,N
287,https://insead.muckrack.com/bcsolomon,N,N,N
288,https://insead.muckrack.com/bharbi-hazarika,N,N,N
289,https://insead.muckrack.com/bingyan-j-wang,N,N,N
290,https://insead.muckrack.com/cordilia-james,N,N,N
291,https://insead.muckrack.com/dennis-fitzgerald,N,N,N
292,https://insead.muckrack.com/tunkuv,N,N,N
293,https://insead.muckrack.com/erin-white,N,N,N
294,https://insead.muckrack.com/liyan-qi,N,N,N
295,https://insead.muckrack.com/barbara-phillips-2,N,N,N
296,https://insead.muckrack.com/peter-plagens-2,N,N,N
297,https://insead.muckrack.com/sarah-adams-9,N,N,N
298,https://insead.muckrack.com/william-meyers-15,N,N,N
299,https://insead.muckrack.com/bradford-frischkorn,N,N,N
300,https://insead.muckrack.com/jesse-newman,N,N,N
301,https://insead.muckrack.com/davyfreeman,N,N,N
302,https://insead.muckrack.com/stephanie-aaronson,N,N,N
303,https://insead.muckrack.com/zusha-elinson,N,N,N
304,https://insead.muckrack.com/allysia-finley,N,N,N
305,https://insead.muckrack.com/lenora-jane-estes,N,N,N
306,https://insead.muckrack.com/sarahballsy,N,N,N
307,https://insead.muckrack.com/michelle-slatalla,N,N,N
308,https://insead.muckrack.com/matthew-luxmoore,N,N,N
309,https://insead.muckrack.com/weinbergersa,N,N,N
310,https://insead.muckrack.com/karen-wilkin,N,N,N
311,https://insead.muckrack.com/amrithramkumar,N,N,N
312,https://insead.muckrack.com/elizabeth-wollman,N,N,N
313,https://insead.muckrack.com/tina-fuhr,N,N,N
314,https://insead.muckrack.com/asafitch,N,N,N
315,https://insead.muckrack.com/alexmartinwsj,N,N,N
316,https://insead.muckrack.com/lisa-reynolds,N,N,N
317,https://insead.muckrack.com/mike_w_allen,N,N,N
318,https://insead.muckrack.com/michelle-hackman,N,N,N
319,https://insead.muckrack.com/ryan-knutson,N,N,N
320,https://insead.muckrack.com/peter-landers,N,N,N
321,https://insead.muckrack.com/bowdeya-tweh,N,N,N
322,https://insead.muckrack.com/gordon-lubold,N,N,N
323,https://insead.muckrack.com/jeff-horwitz,N,N,N
324,https://insead.muckrack.com/vivyantran,N,N,N
325,https://insead.muckrack.com/lynn-cook,N,N,N
326,https://insead.muckrack.com/warren-strobel,N,N,N
327,https://insead.muckrack.com/dan-frosch,N,N,N
328,https://insead.muckrack.com/katie-deighton,N,N,N
329,https://insead.muckrack.com/mylestanzer,N,N,N
330,https://insead.muckrack.com/saraashleyo,N,N,N
331,https://insead.muckrack.com/vaughn-sterling,N,N,N
332,https://insead.muckrack.com/yoko-kubota,N,N,N
333,https://insead.muckrack.com/bourree-lam,N,N,N
334,https://insead.muckrack.com/dawngilbertson,N,N,N
335,https://insead.muckrack.com/christopher-mims,N,N,N
336,https://insead.muckrack.com/erinmulvaney,N,N,N
337,https://insead.muckrack.com/sabrinasiddiqui,N,N,N
338,https://insead.muckrack.com/margheritamvs,N,N,N
339,https://insead.muckrack.com/alexfrangos,N,N,N
340,https://insead.muckrack.com/brianhershberg,N,N,N
341,https://insead.muckrack.com/rwhelanwsj,N,N,N
342,https://insead.muckrack.com/davecbenoit,N,N,N
343,https://insead.muckrack.com/robert-libetti,N,N,N
344,https://insead.muckrack.com/andrea-figueras,N,N,N
345,https://insead.muckrack.com/xiaotian-zhang-1,N,N,N
346,https://insead.muckrack.com/ben-glickman,N,N,N
347,https://insead.muckrack.com/cristina-lourosa,N,N,N
348,https://insead.muckrack.com/birthdaymoney,N,N,N
349,https://insead.muckrack.com/fanellijames,N,N,N
350,https://insead.muckrack.com/felizysolo,N,N,N
351,https://insead.muckrack.com/kim-last,N,N,N
352,https://insead.muckrack.com/lohudakiko,N,N,N
353,https://insead.muckrack.com/colin-ng,N,N,N
354,https://insead.muckrack.com/jackpitcher20,N,N,N
355,https://insead.muckrack.com/giuliapetroni,N,N,N
356,https://insead.muckrack.com/gina-heeb,N,N,N
357,https://insead.muckrack.com/jacky-wong,N,N,N
358,https://insead.muckrack.com/tarbel,N,N,N
359,https://insead.muckrack.com/moisenoise,N,N,N
360,https://insead.muckrack.com/isabella-simonetti,N,N,N
361,https://insead.muckrack.com/jim-jaworski,N,N,N
362,https://insead.muckrack.com/nicole-ault,N,N,N
363,https://insead.muckrack.com/nate-rattner,N,N,N
364,https://insead.muckrack.com/benjamin-weltman,N,N,N
365,https://insead.muckrack.com/james-leigh-1,N,N,N
366,https://insead.muckrack.com/oyin-adedoyin,N,N,N
367,https://insead.muckrack.com/michael-barnwell,N,N,N
368,https://insead.muckrack.com/madison-conte-1,N,N,N
369,https://insead.muckrack.com/paul-kiernan,N,N,N
370,https://insead.muckrack.com/yaroslav-trofimov,N,N,N
371,https://insead.muckrack.com/chao-deng,N,N,N
372,https://insead.muckrack.com/danielnasaw,N,N,N
373,https://insead.muckrack.com/najat-kantouar,N,N,N
374,https://insead.muckrack.com/jacqueline-t-lin,N,N,N
375,https://insead.muckrack.com/john-sandman-1,N,N,N
376,https://insead.muckrack.com/erich-eichman,N,N,N
377,https://insead.muckrack.com/alexandra-samuel,N,N,N
378,https://insead.muckrack.com/melik-kaylan,N,N,N
379,https://insead.muckrack.com/lance-esplund,N,N,N
380,https://insead.muckrack.com/eugenia-cheng,N,N,N
381,https://insead.muckrack.com/peg-brickley,N,N,N
382,https://insead.muckrack.com/randy-yeip,N,N,N
383,https://insead.muckrack.com/joann-lublin,N,N,N
384,https://insead.muckrack.com/ivyjiahuihuang,N,N,N
385,https://insead.muckrack.com/kevin-dubouis,N,N,N
386,https://insead.muckrack.com/deborahacosta,N,N,N
387,https://insead.muckrack.com/joe-pinsker,N,N,N
388,https://insead.muckrack.com/alex-ossola,N,N,N
389,https://insead.muckrack.com/gunjanjs,N,N,N
390,https://insead.muckrack.com/emon-reiser,N,N,N
391,https://insead.muckrack.com/lucy-gilmour,N,N,N
392,https://insead.muckrack.com/john-clarke-8,N,N,N
393,https://insead.muckrack.com/nathaniel-taplin,N,N,N
394,https://insead.muckrack.com/emma-scott,N,N,N
395,https://insead.muckrack.com/michael-susin,N,N,N
396,https://insead.muckrack.com/meghan-cox-gurdon,N,N,N
397,https://insead.muckrack.com/elizabeth-seay-1,N,N,N
398,https://insead.muckrack.com/sarah-toy,N,N,N
399,https://insead.muckrack.com/catherine-romano-1,N,N,N
400,https://insead.muckrack.com/berlindiary,N,N,N
401,https://insead.muckrack.com/sarahnassauer,N,N,N
402,https://insead.muckrack.com/jessbravin,N,N,N
403,https://insead.muckrack.com/nicktimiraos,N,N,N
404,https://insead.muckrack.com/acaldwellap,N,N,N
405,https://insead.muckrack.com/peggy-noonan,N,N,N
406,https://insead.muckrack.com/michaelhwrdsaul,N,N,N
407,https://insead.muckrack.com/radamswsj,N,N,N
408,https://insead.muckrack.com/ethanwsj,N,N,N
409,https://insead.muckrack.com/kellycrowwsj,N,N,N
410,https://insead.muckrack.com/kerrybarger,N,N,N
411,https://insead.muckrack.com/cprattmedia,N,N,N
412,https://insead.muckrack.com/perezenmexico,N,N,N
413,https://insead.muckrack.com/heathersomervil,N,N,N
414,https://insead.muckrack.com/mwdangallagher,N,N,N
415,https://insead.muckrack.com/rachel-louise,N,N,N
416,https://insead.muckrack.com/bustillom,N,N,N
417,https://insead.muckrack.com/summer_said,N,N,N
418,https://insead.muckrack.com/gvipers,N,N,N
419,https://insead.muckrack.com/chaoli,N,N,N
420,https://insead.muckrack.com/mollyesque,N,N,N
421,https://insead.muckrack.com/jon-kamp,N,N,N
422,https://insead.muckrack.com/melanie-evans,N,N,N
423,https://insead.muckrack.com/erich-schwartzel,N,N,N
424,https://insead.muckrack.com/elendof,N,N,N
425,https://insead.muckrack.com/lettie-teague,N,N,N
426,https://insead.muckrack.com/colincbarr,N,N,N
427,https://insead.muckrack.com/nidhisubs,N,N,N
428,https://insead.muckrack.com/dave-michaels,N,N,N
429,https://insead.muckrack.com/vipalmonga,N,N,N
430,https://insead.muckrack.com/joe-haberstroh,N,N,N
431,https://insead.muckrack.com/natasha-khan-2,N,N,N
432,https://insead.muckrack.com/kathleen-squires,N,N,N
433,https://insead.muckrack.com/jason-dean,N,N,N
434,https://insead.muckrack.com/leo-lord-jones,N,N,N
435,https://insead.muckrack.com/vanderfordrich,N,N,N
436,https://insead.muckrack.com/josh-mitchell,N,N,N
437,https://insead.muckrack.com/jdeavila,N,N,N
438,https://insead.muckrack.com/siobhan-hughes,N,N,N
439,https://insead.muckrack.com/jim-chairusmi,N,N,N
440,https://insead.muckrack.com/b-benoit,N,N,N
441,https://insead.muckrack.com/ben-cohen,N,N,N
442,https://insead.muckrack.com/niharika-mandhana,N,N,N
443,https://insead.muckrack.com/prabhanatarajan,N,N,N
444,https://insead.muckrack.com/jo-mcginty,N,N,N
445,https://insead.muckrack.com/c-ryan-barber,N,N,N
446,https://insead.muckrack.com/denny-jacob,N,N,N
447,https://insead.muckrack.com/bob-henderson,N,N,N
448,https://insead.muckrack.com/jane-mahoney,N,N,N
449,https://insead.muckrack.com/jencalfas,N,N,N
450,https://insead.muckrack.com/philip-waller,N,N,N
451,https://insead.muckrack.com/kim-richters,N,N,N
452,https://insead.muckrack.com/angusberwick,N,N,N
453,https://insead.muckrack.com/jacob-gallagher,N,N,N
454,https://insead.muckrack.com/valerie-bauerlein,N,N,N
455,https://insead.muckrack.com/sam-sacks,N,N,N
456,https://insead.muckrack.com/amanda-foreman,N,N,N
457,https://insead.muckrack.com/catherine-stupp,N,N,N
458,https://insead.muckrack.com/joe-barrett,N,N,N
459,https://insead.muckrack.com/ruth-simon,N,N,N
460,https://insead.muckrack.com/evan-gershkovich,N,N,N
461,https://insead.muckrack.com/yaelkohen,N,N,N
462,https://insead.muckrack.com/lily-kupets,N,N,N
463,https://insead.muckrack.com/laurakusisto,N,N,N
464,https://insead.muckrack.com/marcus-walker,N,N,N
465,https://insead.muckrack.com/kathryn-dill,N,N,N
466,https://insead.muckrack.com/joseph-walker,N,N,N
467,https://insead.muckrack.com/rob-sloan,N,N,N
468,https://insead.muckrack.com/frank-matt,N,N,N
469,https://insead.muckrack.com/brian-whitton,N,N,N
470,https://insead.muckrack.com/ashley-wong-4,N,N,N
471,https://insead.muckrack.com/peter-saidel,N,N,N
472,https://insead.muckrack.com/betsy-mckay,N,N,N
473,https://insead.muckrack.com/intipach,N,N,N
474,https://insead.muckrack.com/lily-thomas,N,N,N
475,https://insead.muckrack.com/diane-goldie,N,N,N
476,https://insead.muckrack.com/jim-christie-66492,N,N,N
477,https://insead.muckrack.com/beckey-bright,N,N,N
478,https://insead.muckrack.com/nelly-ontiveros-cervantes,N,N,N
479,https://insead.muckrack.com/anna-deen,N,N,N
480,https://insead.muckrack.com/joannastern,N,N,N
481,https://insead.muckrack.com/tara-weiss,N,N,N
482,https://insead.muckrack.com/jason-riley,N,N,N
483,https://insead.muckrack.com/natalia-barr,N,N,N
484,https://insead.muckrack.com/walter-russell-mead,N,N,N
485,https://insead.muckrack.com/esmatullah-kohsar,N,N,N
486,https://insead.muckrack.com/eric-bellman,N,N,N
487,https://insead.muckrack.com/georgikantchev,N,N,N
488,https://insead.muckrack.com/rudegeair,N,N,N
489,https://insead.muckrack.com/annemariesteele,N,N,N
490,https://insead.muckrack.com/timkhiggins,N,N,N
491,https://insead.muckrack.com/ann-simmons,N,N,N
492,https://insead.muckrack.com/lingling-wei,N,N,N
493,https://insead.muckrack.com/doug-belkin,N,N,N
494,https://insead.muckrack.com/meg-graham,N,N,N
495,https://insead.muckrack.com/scott-patterson,N,N,N
496,https://insead.muckrack.com/neil-shah,N,N,N
497,https://insead.muckrack.com/daniel-henninger,N,N,N
498,https://insead.muckrack.com/anthony-harrup,N,N,N
499,https://insead.muckrack.com/robinkwong,N,N,N
500,https://insead.muckrack.com/estherfung,N,N,N
501,https://insead.muckrack.com/thorold-barker,N,N,N
502,https://insead.muckrack.com/kambrothers,N,N,N
503,https://insead.muckrack.com/michelle-kim,N,N,N
504,https://insead.muckrack.com/dsmagalla_dj,N,N,N
505,https://insead.muckrack.com/jessica-chou,N,N,N
506,https://insead.muckrack.com/adam-falk,N,N,N
507,https://insead.muckrack.com/praseeda-nair,N,N,N
508,https://insead.muckrack.com/vlajournaliste,N,N,N
509,https://insead.muckrack.com/heather-halberstadt,N,N,N
510,https://insead.muckrack.com/shelby-holliday,N,N,N
511,https://insead.muckrack.com/angusloten,N,N,N
512,https://insead.muckrack.com/byshanli,N,N,N
513,https://insead.muckrack.com/telisdemos,N,N,N
514,https://insead.muckrack.com/james-freeman,N,N,N
515,https://insead.muckrack.com/jeffreyt1,N,N,N
516,https://insead.muckrack.com/mjarmental,N,N,N
517,https://insead.muckrack.com/lauren-weber,N,N,N
518,https://insead.muckrack.com/marinonachison,N,N,N
519,https://insead.muckrack.com/csstewart,N,N,N
520,https://insead.muckrack.com/jennatelesca,N,N,N
521,https://insead.muckrack.com/sorayah-zahir,N,N,N
522,https://insead.muckrack.com/yumiko-ono,N,N,N
523,https://insead.muckrack.com/brent-kendall,N,N,N
524,https://insead.muckrack.com/mariebeaudette,N,N,N
525,https://insead.muckrack.com/deborah-ball,N,N,N
526,https://insead.muckrack.com/ben-and,N,N,N
527,https://insead.muckrack.com/bychunhan,N,N,N
528,https://insead.muckrack.com/drew-hinshaw,N,N,N
529,https://insead.muckrack.com/jennifer-forsyth,N,N,N
530,https://insead.muckrack.com/sarah-sloat,N,N,N
531,https://insead.muckrack.com/aly-sider,N,N,N
532,https://insead.muckrack.com/james-hookway,N,N,N
533,https://insead.muckrack.com/colin-kellaher,N,N,N
534,https://insead.muckrack.com/mohsin-ali,N,N,N
535,https://insead.muckrack.com/yifan-xie,N,N,N
536,https://insead.muckrack.com/will-flannigan,N,N,N
537,https://insead.muckrack.com/jeevika-verma-1,N,N,N
538,https://insead.muckrack.com/nina-molina,N,N,N
539,https://insead.muckrack.com/loftus,N,N,N
540,https://insead.muckrack.com/knash99,N,N,N
541,https://insead.muckrack.com/jhsugden,N,N,N
542,https://insead.muckrack.com/spencerjakab,N,N,N
543,https://insead.muckrack.com/jdlahart,N,N,N
544,https://insead.muckrack.com/bruceorwall,N,N,N
545,https://insead.muckrack.com/rddysum,N,N,N
546,https://insead.muckrack.com/serenangwsj,N,N,N
547,https://insead.muckrack.com/chungjoanna,N,N,N
548,https://insead.muckrack.com/vranicawsj,N,N,N
549,https://insead.muckrack.com/byldonovan,N,N,N
550,https://insead.muckrack.com/alexbruell,N,N,N
551,https://insead.muckrack.com/maloneyfiles,N,N,N
552,https://insead.muckrack.com/jolshan,N,N,N
553,https://insead.muckrack.com/patience-haggin,N,N,N
554,https://insead.muckrack.com/eve-hartley,N,N,N
555,https://insead.muckrack.com/patrick-thomas-1,N,N,N
556,https://insead.muckrack.com/morozy,N,N,N
557,https://insead.muckrack.com/emily-bobrow,N,N,N
558,https://insead.muckrack.com/lauren-thomas-3,N,N,N
559,https://insead.muckrack.com/beneisen,N,N,N
560,https://insead.muckrack.com/david-cloud,N,N,N
561,https://insead.muckrack.com/joe-queenan,N,N,N
562,https://insead.muckrack.com/stephen-wilmot,N,N,N
563,https://insead.muckrack.com/ginnie-teo,N,N,N
564,https://insead.muckrack.com/david-propson,N,N,N
565,https://insead.muckrack.com/berber-jin,N,N,N
566,https://insead.muckrack.com/lcooperreports,N,N,N
567,https://insead.muckrack.com/michael-dabaie,N,N,N
568,https://insead.muckrack.com/gretchen-tarrant,N,N,N
569,https://insead.muckrack.com/nora-eckert,N,N,N
570,https://insead.muckrack.com/depsebastian,N,N,N
571,https://insead.muckrack.com/isaac-taylor-2,N,N,N
572,https://insead.muckrack.com/steven-rosenbush-2,N,N,N
573,https://insead.muckrack.com/sierra-dawn-mcclain,N,N,N
574,https://insead.muckrack.com/dstreuly,N,N,N
575,https://insead.muckrack.com/kristinapet,N,N,N
576,https://insead.muckrack.com/john-mckinnon-13,N,N,N
577,https://insead.muckrack.com/mohamed-hassan-1,N,N,N
578,https://insead.muckrack.com/ariana-aspuru-1,N,N,N
579,https://insead.muckrack.com/isabelle-bousquette,N,N,N
580,https://insead.muckrack.com/yang-jie,N,N,N
581,https://insead.muckrack.com/willard-spiegelman,N,N,N
582,https://insead.muckrack.com/vallery-lomas,N,N,N
583,https://insead.muckrack.com/mary-morrison-6,N,N,N
584,https://insead.muckrack.com/rory-satran,N,N,N
585,https://insead.muckrack.com/cynthia-lin,N,N,N
586,https://insead.muckrack.com/rebecca-ballhaus,N,N,N
587,https://insead.muckrack.com/saeed-shah,N,N,N
588,https://insead.muckrack.com/patricia-kowsmann,N,N,N
589,https://insead.muckrack.com/trefor-moss,N,N,N
590,https://insead.muckrack.com/phred-dvorak,N,N,N
591,https://insead.muckrack.com/kitty-greenwald,N,N,N
592,https://insead.muckrack.com/selina-cheng,N,N,N
593,https://insead.muckrack.com/chip-cutter,N,N,N
594,https://insead.muckrack.com/ahirtens,N,N,N
595,https://insead.muckrack.com/saira-khan,N,N,N
596,https://insead.muckrack.com/jessica-shim,N,N,N
597,https://insead.muckrack.com/matt-barnum,N,N,N
598,https://insead.muckrack.com/harry-carr,N,N,N
599,https://insead.muckrack.com/lisa-kalis-1,N,N,N
600,https://insead.muckrack.com/louisa-naks,N,N,N
601,https://insead.muckrack.com/tom-corrigan,N,N,N
602,https://insead.muckrack.com/david-winning,N,N,N
603,https://insead.muckrack.com/brenda-cronin,N,N,N
604,https://insead.muckrack.com/ebsolomont,N,N,N
605,https://insead.muckrack.com/lindsay-ellis,N,N,N
606,https://insead.muckrack.com/edward-rothstein,N,N,N
607,https://insead.muckrack.com/heidi-waleson,N,N,N
608,https://insead.muckrack.com/ryan-dube,N,N,N
609,https://insead.muckrack.com/jepassy,N,N,N
610,https://insead.muckrack.com/brad-reagan,N,N,N
611,https://insead.muckrack.com/mary-anastasia-ogrady,N,N,N
612,https://insead.muckrack.com/chris_rexrode,N,N,N
613,https://insead.muckrack.com/katy-barnato,N,N,N
614,https://insead.muckrack.com/sohn-ji-young,N,N,N
615,https://insead.muckrack.com/katystech,N,N,N
616,https://insead.muckrack.com/dmosbergen,N,N,N
617,https://insead.muckrack.com/catherine_lucey,N,N,N
618,https://insead.muckrack.com/sal19,N,N,N
619,https://insead.muckrack.com/emmatimes2,N,N,N
620,https://insead.muckrack.com/daniela-hernandez,N,N,N
621,https://insead.muckrack.com/jennifer-williams-alvarez,N,N,N
622,https://insead.muckrack.com/michael-tabb,N,N,N
623,https://insead.muckrack.com/andy-kessler,N,N,N
624,https://insead.muckrack.com/richa-naik,N,N,N
625,https://insead.muckrack.com/adamtrot,N,N,N
626,https://insead.muckrack.com/josedecordoba,N,N,N
627,https://insead.muckrack.com/aaron-tilley,N,N,N
628,https://insead.muckrack.com/jbflint,N,N,N
629,https://insead.muckrack.com/djmatthewdalton,N,N,N
630,https://insead.muckrack.com/craigkarmin,N,N,N
631,https://insead.muckrack.com/brendanmoran7,N,N,N
632,https://insead.muckrack.com/candicechoi,N,N,N
633,https://insead.muckrack.com/danamattioli,N,N,N
634,https://insead.muckrack.com/bobmcmillan,N,N,N
635,https://insead.muckrack.com/josephpisani,N,N,N
636,https://insead.muckrack.com/jackgillum,N,N,N
637,https://insead.muckrack.com/mariah-timms,N,N,N
638,https://insead.muckrack.com/juju-kim,N,N,N
639,https://insead.muckrack.com/james-benedict,N,N,N
640,https://insead.muckrack.com/megumifujikawa,N,N,N
641,https://insead.muckrack.com/rod-james,N,N,N
642,https://insead.muckrack.com/dylan-tokar,N,N,N
643,https://insead.muckrack.com/laura-fong,N,N,N
644,https://insead.muckrack.com/vanessa-fuhrmans,N,N,N
645,https://insead.muckrack.com/jeronfnc,N,N,N
646,https://insead.muckrack.com/brian-kelly-15,N,N,N
647,https://insead.muckrack.com/emily-prapuolenis,N,N,N
648,https://insead.muckrack.com/nikki-walker,N,N,N
649,https://insead.muckrack.com/chuck-goodrich,N,N,N
650,https://insead.muckrack.com/elisa-cho,N,N,N
651,https://insead.muckrack.com/patrick-hedlund,N,N,N
652,https://insead.muckrack.com/david-reilly,N,N,N
653,https://insead.muckrack.com/bydavidcrow,N,N,N
654,https://insead.muckrack.com/kimmackrael,N,N,N
655,https://insead.muckrack.com/micah-maidenberg,N,N,N
656,https://insead.muckrack.com/nicole-friedman,N,N,N
657,https://insead.muckrack.com/rob-barry,N,N,N
658,https://insead.muckrack.com/doug-and,N,N,N
659,https://insead.muckrack.com/bob-tita,N,N,N
660,https://insead.muckrack.com/adolfo-flores,N,N,N
661,https://insead.muckrack.com/jimmy-vielkind,N,N,N
662,https://insead.muckrack.com/nancy-youssef,N,N,N
663,https://insead.muckrack.com/joshjame,N,N,N
664,https://insead.muckrack.com/aaronback,N,N,N
665,https://insead.muckrack.com/ptrevisani,N,N,N
666,https://insead.muckrack.com/becky-yerak,N,N,N
667,https://insead.muckrack.com/libertina-brandt-and,N,N,N
668,https://insead.muckrack.com/noah-higgins-dunn,N,N,N
669,https://insead.muckrack.com/nirosha-christie-david,N,N,N
670,https://insead.muckrack.com/kcallop,N,N,N
671,https://insead.muckrack.com/eric-gibsom,N,N,N
672,https://insead.muckrack.com/k__mcallister,N,N,N
673,https://insead.muckrack.com/dieter-holger,N,N,N
674,https://insead.muckrack.com/bykhadeeja,N,N,N
675,https://insead.muckrack.com/ebernsteinwsj,N,N,N
676,https://insead.muckrack.com/joshua-kirby,N,N,N
677,https://insead.muckrack.com/derekcai,N,N,N
678,https://insead.muckrack.com/brian-patrick-byrne-1,N,N,N
679,https://insead.muckrack.com/rkylesmith,N,N,N
680,https://insead.muckrack.com/karen-bruno,N,N,N
681,https://insead.muckrack.com/lora-western,N,N,N
682,https://insead.muckrack.com/brent-jones,N,N,N
683,https://insead.muckrack.com/chandler-wild,N,N,N
684,https://insead.muckrack.com/ava-manson,N,N,N
685,https://insead.muckrack.com/theofrancis,N,N,N
686,https://insead.muckrack.com/anna-wilde,N,N,N
687,https://insead.muckrack.com/andreaapetersen,N,N,N
688,https://insead.muckrack.com/jareddiamond,N,N,N
689,https://insead.muckrack.com/grogow,N,N,N
690,https://insead.muckrack.com/bspegele,N,N,N
691,https://insead.muckrack.com/shayndi,N,N,N
692,https://insead.muckrack.com/wallernikki,N,N,N
693,https://insead.muckrack.com/shefalianand,N,N,N
694,https://insead.muckrack.com/srussolillo,N,N,N
695,https://insead.muckrack.com/ashleaebeling,N,N,N
696,https://insead.muckrack.com/sara_randazzo,N,N,N
697,https://insead.muckrack.com/anthonydb,N,N,N
698,https://insead.muckrack.com/phillipa-leighton-jones,N,N,N
699,https://insead.muckrack.com/shara-tibken,N,N,N
700,https://insead.muckrack.com/matt-kwong,N,N,N
701,https://insead.muckrack.com/aaron-kuriloff,N,N,N
702,https://insead.muckrack.com/toddjolmstead,N,N,N
703,https://insead.muckrack.com/jinjoo-lee,N,N,N
704,https://insead.muckrack.com/david-luhnow,N,N,N
705,https://insead.muckrack.com/kristin-broughton,N,N,N
706,https://insead.muckrack.com/sheila-courter,N,N,N
707,https://insead.muckrack.com/ryandezember,N,N,N
708,https://insead.muckrack.com/bonnie-wertheim,N,N,N
709,https://insead.muckrack.com/ann-marie-alcantara,N,N,N
710,https://insead.muckrack.com/kosaku-narioka,N,N,N
711,https://insead.muckrack.com/rhiannon-hoyle,N,N,N
712,https://insead.muckrack.com/patrick-chu,N,N,N
713,https://insead.muckrack.com/allisonpohle,N,N,N
714,https://insead.muckrack.com/jasonzweigwsj,N,N,N
715,https://insead.muckrack.com/jennifer_hiller,N,N,N
716,https://insead.muckrack.com/saunderswsj,N,N,N
717,https://insead.muckrack.com/karen-langley,N,N,N
718,https://insead.muckrack.com/isabel-coles,N,N,N
719,https://insead.muckrack.com/ariel-zambelich,N,N,N
720,https://insead.muckrack.com/suzannekapner,N,N,N
721,https://insead.muckrack.com/danny-dougherty,N,N,N
722,https://insead.muckrack.com/domchopping,N,N,N
723,https://insead.muckrack.com/luis-garcia,N,N,N
724,https://insead.muckrack.com/tim-carroll,N,N,N
725,https://insead.muckrack.com/jamieson-lesko,N,N,N
726,https://insead.muckrack.com/aosipovich,N,N,N
727,https://insead.muckrack.com/sandra-kilhof-1,N,N,N
728,https://insead.muckrack.com/charley-grant-1,N,N,N
729,https://insead.muckrack.com/toulavlahou,N,N,N
730,https://insead.muckrack.com/pia-peterson,N,N,N
731,https://insead.muckrack.com/stephanie-capparell-1,N,N,N
732,https://insead.muckrack.com/chris-knutsen,N,N,N
733,https://insead.muckrack.com/taneth-evans,N,N,N
734,https://insead.muckrack.com/maitane-sardon,N,N,N
735,https://insead.muckrack.com/xinwenfan,N,N,N
736,https://insead.muckrack.com/adrian-ho-1,N,N,N
737,https://insead.muckrack.com/kate-bachelder-1,N,N,N
738,https://insead.muckrack.com/carl-churchill,N,N,N
739,https://insead.muckrack.com/rory__jones,N,N,N
740,https://insead.muckrack.com/lane-florsheim,N,N,N
741,https://insead.muckrack.com/veronicadagher,N,N,N
742,https://insead.muckrack.com/christopher-covello,N,N,N
743,https://insead.muckrack.com/robert-walzer,N,N,N
744,https://insead.muckrack.com/dantechinni,N,N,N
745,https://insead.muckrack.com/nikhil-lohade,N,N,N
746,https://insead.muckrack.com/costas-paris,N,N,N
747,https://insead.muckrack.com/chip-cummins,N,N,N
748,https://insead.muckrack.com/jonathan-cheng,N,N,N
749,https://insead.muckrack.com/max-colchester,N,N,N
750,https://insead.muckrack.com/clare_ansberry,N,N,N
751,https://insead.muckrack.com/andrew-dowell,N,N,N
752,https://insead.muckrack.com/peter-santilli,N,N,N
753,https://insead.muckrack.com/alana-pipe,N,N,N
754,https://insead.muckrack.com/elizabeth-smelov,N,N,N
755,https://insead.muckrack.com/gianna-barberia-1,N,N,N
756,https://insead.muckrack.com/ted-mann,N,N,N
757,https://insead.muckrack.com/ayanna-gill,N,N,N
758,https://insead.muckrack.com/alice-uribe,N,N,N
759,https://insead.muckrack.com/ian-walker-6,N,N,N
760,https://insead.muckrack.com/aylinwoodward,N,N,N
761,https://insead.muckrack.com/lindsey-choo,N,N,N
762,https://insead.muckrack.com/rayalexsmith,N,N,N
763,https://insead.muckrack.com/davidmwessel,N,N,N
764,https://insead.muckrack.com/holman-jenkins,N,N,N
765,https://insead.muckrack.com/patmsheridan,N,N,N
766,https://insead.muckrack.com/jemal-r-brinson,N,N,N
767,https://insead.muckrack.com/stephen-kreider-yoder,N,N,N
768,https://insead.muckrack.com/odette-williams,N,N,N
769,https://insead.muckrack.com/karen-yoder,N,N,N
770,https://insead.muckrack.com/bob-ourlian,N,N,N
771,https://insead.muckrack.com/patrick-sullivan-11,N,N,N
772,https://insead.muckrack.com/kyle-peterson-8,N,N,N
773,https://insead.muckrack.com/yolanda-mcbride,N,N,N
774,https://insead.muckrack.com/peter-saenger,N,N,N
775,https://insead.muckrack.com/andrewf91619241,N,N,N
776,https://insead.muckrack.com/christine-rosen,N,N,N
777,https://insead.muckrack.com/f-martin-ramin,N,N,N
778,https://insead.muckrack.com/austin-roberts-1,N,N,N
779,https://insead.muckrack.com/phillip-coles,N,N,N
780,https://insead.muckrack.com/shalini-ramachandran,N,N,N
781,https://insead.muckrack.com/liza-lin,N,N,N
782,https://insead.muckrack.com/dion-rabouin,N,N,N
783,https://insead.muckrack.com/chavielieber,N,N,N
784,https://insead.muckrack.com/polyalesova,N,N,N
785,https://insead.muckrack.com/mark-kelly,N,N,N
786,https://insead.muckrack.com/georgia-wells,N,N,N
787,https://insead.muckrack.com/dasl-yoon,N,N,N
788,https://insead.muckrack.com/ted-bunker,N,N,N
789,https://insead.muckrack.com/mark-naida,N,N,N
790,https://insead.muckrack.com/feuerwilliam,N,N,N
791,https://insead.muckrack.com/kaitlyn-wang,N,N,N
792,https://insead.muckrack.com/andy-duehren,N,N,N
793,https://insead.muckrack.com/daniellemcohen,N,N,N
794,https://insead.muckrack.com/elizabeth-blackshire-1,N,N,N
795,https://insead.muckrack.com/kirk-maltais,N,N,N
796,https://insead.muckrack.com/annabelle-williams-2,N,N,N
797,https://insead.muckrack.com/sherry-qin,N,N,N
798,https://insead.muckrack.com/elena-vardon,N,N,N
799,https://insead.muckrack.com/raffaele-huang,N,N,N
800,https://insead.muckrack.com/jamie-waters-7,N,N,N
801,https://insead.muckrack.com/eric-wallerstein-2,N,N,N
802,https://insead.muckrack.com/luke_vargas,N,N,N
803,https://insead.muckrack.com/hotzington,N,N,N
804,https://insead.muckrack.com/mikemillerwsj,N,N,N
805,https://insead.muckrack.com/akaneotani,N,N,N
806,https://insead.muckrack.com/saabira-chaudhuri,N,N,N
807,https://insead.muckrack.com/jimcarltonsf,N,N,N
808,https://insead.muckrack.com/bojan-pancevski,N,N,N
809,https://insead.muckrack.com/jason-douglas,N,N,N
810,https://insead.muckrack.com/jon-sanders,N,N,N
811,https://insead.muckrack.com/nick-kostov,N,N,N
812,https://insead.muckrack.com/ellen-kobe-1,N,N,N
813,https://insead.muckrack.com/katiebindley,N,N,N
814,https://insead.muckrack.com/maia-booker,N,N,N
815,https://insead.muckrack.com/emily-siu,N,N,N
816,https://insead.muckrack.com/patrick-barta-1,N,N,N
817,https://insead.muckrack.com/paulvieira,N,N,N
818,https://insead.muckrack.com/ychernova,N,N,N
819,https://insead.muckrack.com/mpvdna,N,N,N
820,https://insead.muckrack.com/garymitchellsky,N,N,N
821,https://insead.muckrack.com/pdberger,N,N,N
822,https://insead.muckrack.com/philanap,N,N,N
823,https://insead.muckrack.com/amolsharmawsj,N,N,N
824,https://insead.muckrack.com/kenthomas,N,N,N
825,https://insead.muckrack.com/jbsteins,N,N,N
826,https://insead.muckrack.com/joshchin,N,N,N
827,https://insead.muckrack.com/samschech,N,N,N
828,https://insead.muckrack.com/stuwoo,N,N,N
829,https://insead.muckrack.com/elliot-kaufman,N,N,N
830,https://insead.muckrack.com/anne-marie-chaker,N,N,N
831,https://insead.muckrack.com/sara-castellanos,N,N,N
832,https://insead.muckrack.com/joe-beckerman,N,N,N
833,https://insead.muckrack.com/hillary-canada,N,N,N
834,https://insead.muckrack.com/jillian-kay-melchior,N,N,N
835,https://insead.muckrack.com/cao-li,N,N,N
836,https://insead.muckrack.com/william-mcgurn,N,N,N
837,https://insead.muckrack.com/kcarliniking,N,N,N
838,https://insead.muckrack.com/rebecca-elliott,N,N,N
839,https://insead.muckrack.com/daniel-michaels,N,N,N
840,https://insead.muckrack.com/kara-dapena,N,N,N
841,https://insead.muckrack.com/tripti-lahiri,N,N,N
842,https://insead.muckrack.com/christina-vallice,N,N,N
843,https://insead.muckrack.com/jtoonkel,N,N,N
844,https://insead.muckrack.com/barton-swaim,N,N,N
845,https://insead.muckrack.com/kwanwoo-jun,N,N,N
846,https://insead.muckrack.com/annetergesen,N,N,N
847,https://insead.muckrack.com/samwalkers,N,N,N
848,https://insead.muckrack.com/andrew-beaton,N,N,N
849,https://insead.muckrack.com/paul-hannon,N,N,N
850,https://insead.muckrack.com/mphillipswsj,N,N,N
851,https://insead.muckrack.com/jonathan-clegg,N,N,N
852,https://insead.muckrack.com/christine-glancey,N,N,N
853,https://insead.muckrack.com/jon-sindreu,N,N,N
854,https://insead.muckrack.com/patrick-whalen,N,N,N
855,https://insead.muckrack.com/tom-mcginty,N,N,N
856,https://insead.muckrack.com/george_stahl,N,N,N
857,https://insead.muckrack.com/daviduberti,N,N,N
858,https://insead.muckrack.com/christina-rogers,N,N,N
859,https://insead.muckrack.com/yatisanghvi,N,N,N
860,https://insead.muckrack.com/john-mccormick-2,N,N,N
861,https://insead.muckrack.com/marina-costa,N,N,N
862,https://insead.muckrack.com/brianna-abbott-2,N,N,N
863,https://insead.muckrack.com/erikwilliamholm,N,N,N
864,https://insead.muckrack.com/zak-bennett,N,N,N
865,https://insead.muckrack.com/sarah-paynter,N,N,N
866,https://insead.muckrack.com/cecilie-rohwedder,N,N,N
867,https://insead.muckrack.com/charles-isherwood,N,N,N
868,https://insead.muckrack.com/george-nishiyama,N,N,N
869,https://insead.muckrack.com/renpollock,N,N,N
870,https://insead.muckrack.com/daniel-akst,N,N,N
871,https://insead.muckrack.com/miho-inada,N,N,N
872,https://insead.muckrack.com/chris-wack,N,N,N
873,https://insead.muckrack.com/alison-humes,N,N,N
874,https://insead.muckrack.com/grace-rasmus,N,N,N
875,https://insead.muckrack.com/simonjlevien,N,N,N
876,https://insead.muckrack.com/maria-kutar,N,N,N
877,https://insead.muckrack.com/bachscore,N,N,N
878,https://insead.muckrack.com/jmackin2,N,N,N
879,https://insead.muckrack.com/sabelaojeaguix,N,N,N
880,https://insead.muckrack.com/samir-abady,N,N,N
881,https://insead.muckrack.com/mauro-orru,N,N,N
882,https://insead.muckrack.com/hannah-miao,N,N,N
883,https://insead.muckrack.com/laine-higgins,N,N,N
884,https://insead.muckrack.com/natalieand,N,N,N
885,https://insead.muckrack.com/jacobgershman,N,N,N
886,https://insead.muckrack.com/gordon-fairclough,N,N,N
887,https://insead.muckrack.com/james-marson,N,N,N
888,https://insead.muckrack.com/ben-fritz,N,N,N
889,https://insead.muckrack.com/ben-pershing,N,N,N
890,https://insead.muckrack.com/jared-s-hopkins,N,N,N
891,https://insead.muckrack.com/lizessley,N,N,N
892,https://insead.muckrack.com/juliet-chung,N,N,N
893,https://insead.muckrack.com/denise-blostein,N,N,N
894,https://insead.muckrack.com/sara-bosworth,N,N,N
895,https://insead.muckrack.com/pziobro,N,N,N
896,https://insead.muckrack.com/andrewrestuccia,N,N,N
897,https://insead.muckrack.com/cdriebusch,N,N,N
898,https://insead.muckrack.com/sam-goldfarb,N,N,N
899,https://insead.muckrack.com/krishna-pokharel,N,N,N
900,https://insead.muckrack.com/carol-ryan,N,N,N
901,https://insead.muckrack.com/roya-nikkhah,N,N,N
902,https://insead.muckrack.com/andrew-scurria,N,N,N
903,https://insead.muckrack.com/tim-layer,N,N,N
904,https://insead.muckrack.com/hardika-singh,N,N,N
905,https://insead.muckrack.com/stephanie-stamm,N,N,N
906,https://insead.muckrack.com/madeline-marshall,N,N,N
907,https://insead.muckrack.com/johnnysimon,N,N,N
908,https://insead.muckrack.com/sune-rasmussen,N,N,N
909,https://insead.muckrack.com/juliamunslow,N,N,N
910,https://insead.muckrack.com/matt-grossman,N,N,N
911,https://insead.muckrack.com/cristina-roca,N,N,N
912,https://insead.muckrack.com/lindsaywise,N,N,N
913,https://insead.muckrack.com/shawndbender,N,N,N
914,https://insead.muckrack.com/jonathanweil,N,N,N
915,https://insead.muckrack.com/tawnell-hobbs,N,N,N
916,https://insead.muckrack.com/michellehiggins,N,N,N
917,https://insead.muckrack.com/newley,N,N,N
918,https://insead.muckrack.com/natives-1,N,N,N
919,https://insead.muckrack.com/sarahneedleman,N,N,N
920,https://insead.muckrack.com/stephen-kalin,N,N,N
921,https://insead.muckrack.com/joe-parkinson,N,N,N
922,https://insead.muckrack.com/elizabeth-winkler,N,N,N
923,https://insead.muckrack.com/sebastian-pellejero,N,N,N
924,https://insead.muckrack.com/nicholas-bariyo-1,N,N,N
925,https://insead.muckrack.com/ian-talley,N,N,N
926,https://insead.muckrack.com/jamie-heller,N,N,N
927,https://insead.muckrack.com/konrad-putzier,N,N,N
928,https://insead.muckrack.com/davecole,N,N,N
929,https://insead.muckrack.com/jamestaranto,N,N,N
930,https://insead.muckrack.com/sarasmunoz,N,N,N
931,https://insead.muckrack.com/tomloftus,N,N,N
932,https://insead.muckrack.com/bryfitz,N,N,N
933,https://insead.muckrack.com/sarah-krouse,N,N,N
934,https://insead.muckrack.com/matt-wirz,N,N,N
935,https://insead.muckrack.com/michael-r-gordon,N,N,N
936,https://insead.muckrack.com/drvarg01,N,N,N
937,https://insead.muckrack.com/littlewern,N,N,N
938,https://insead.muckrack.com/noyesk,N,N,N
939,https://insead.muckrack.com/gksteinhauser,N,N,N
940,https://insead.muckrack.com/ryan-wallerson,N,N,N
941,https://insead.muckrack.com/surya-bhattacharya,N,N,N
942,https://insead.muckrack.com/caitlin-mccabe,N,N,N
943,https://insead.muckrack.com/bethkracklauer,N,N,N
944,https://insead.muckrack.com/laurakreutzer,N,N,N
945,https://insead.muckrack.com/lydia-serota,N,N,N
946,https://insead.muckrack.com/jamesvgrimaldi,N,N,N
947,https://insead.muckrack.com/sean-mclain,N,N,N
948,https://insead.muckrack.com/te-ping-chen,N,N,N
949,https://insead.muckrack.com/rajesh-roy,N,N,N
950,https://insead.muckrack.com/kenneth-hicks,N,N,N
